Variable	Development (n=17,063)	Temporal internal test (MIMIC-IV) (n=5,762)	SMD: Temporal internal test	External: primary (eICU) (n=13,384)	SMD: External: primary	External: Sepsis-3 sensitivity (eICU) (n=2,409)	SMD: External: Sepsis-3 sensitivity
Primary outcome met	7391 (43.3)	1848 (32.1)	-0.234	5640 (42.1)	-0.024	870 (36.1)	-0.148
Age, years	65.0 ± 16.0	64.6 ± 16.7	-0.024	66.3 ± 16.3	0.081	66.1 ± 16.5	0.071
Male	9918 (58.1)	3421 (59.4)	0.025	6797 (50.8)	-0.148	1341 (55.7)	-0.05
Race: White	11767 (69.0)	3266 (56.7)	-0.256	10499 (78.4)	0.217	1871 (77.7)	0.198
Race: Black	1468 (8.6)	388 (6.7)	-0.07	1257 (9.4)	0.028	275 (11.4)	0.094
Race: Hispanic	578 (3.4)	161 (2.8)	-0.034	515 (3.8)	0.025	27 (1.1)	-0.153
Race: Asian	489 (2.9)	159 (2.8)	-0.006	259 (1.9)	-0.061	44 (1.8)	-0.069
Race: Other	2761 (16.2)	1788 (31.0)	0.355	854 (6.4)	-0.314	192 (8.0)	-0.254
Body mass index, kg/m2	29.5 ± 7.5	29.7 ± 8.2	0.033	28.9 ± 9.1	-0.067	29.0 ± 8.8	-0.057
Admission: emergency	12898 (75.6)	4140 (71.9)	-0.085	6329 (47.3)	-0.608	811 (33.7)	-0.928
Admission: elective	3019 (17.7)	398 (6.9)	-0.333	68 (0.5)	-0.626	57 (2.4)	-0.528
Admission: other	1146 (6.7)	1224 (21.2)	0.428	6987 (52.2)	1.151	1541 (64.0)	1.495
CRRT	221 (1.3)	184 (3.2)	0.128	118 (0.9)	-0.04	17 (0.7)	-0.059
Invasive mechanical ventilation	9957 (58.4)	2978 (51.7)	-0.134	3525 (26.3)	-0.685	861 (35.7)	-0.465
Norepinephrine	3953 (23.2)	1869 (32.4)	0.208	2538 (19.0)	-0.103	566 (23.5)	0.008
Vasopressin	967 (5.7)	615 (10.7)	0.184	611 (4.6)	-0.05	122 (5.1)	-0.027
Epinephrine	922 (5.4)	315 (5.5)	0.003	185 (1.4)	-0.223	78 (3.2)	-0.107
Charlson comorbidity index	5.1 ± 2.9	5.3 ± 3.1	0.049	2.0 ± 1.9	-1.249	2.2 ± 2.1	-1.168
APS III / APACHE-IVa score	49.5 ± 21.9	53.2 ± 22.7	0.167	70.2 ± 25.9	0.864	75.5 ± 26.9	1.059
Glasgow Coma Scale	13.2 ± 3.2	13.2 ± 3.2	-0.004	12.0 ± 3.7	-0.353	11.3 ± 3.8	-0.54
Urine output, mL/24 h	1833.9 ± 1246.7	1600.6 ± 1243.4	-0.187	1591.4 ± 1403.0	-0.183	1609.1 ± 1468.3	-0.165
Heart rate, /min, min	71.8 ± 15.2	72.1 ± 16.1	0.019	78.1 ± 17.1	0.391	77.0 ± 17.5	0.317
Heart rate, /min, max	105.8 ± 20.7	108.2 ± 22.2	0.112	112.1 ± 22.6	0.291	109.6 ± 22.5	0.178
Systolic BP, mmHg, min	88.1 ± 15.3	87.2 ± 16.0	-0.058	86.7 ± 18.8	-0.078	89.4 ± 19.7	0.077
Systolic BP, mmHg, max	147.7 ± 22.4	146.5 ± 23.0	-0.052	140.1 ± 24.7	-0.324	139.5 ± 26.5	-0.335
Diastolic BP, mmHg, min	44.1 ± 10.1	46.0 ± 10.5	0.187	44.8 ± 12.7	0.062	46.7 ± 12.8	0.221
Diastolic BP, mmHg, max	86.1 ± 19.4	89.7 ± 20.5	0.181	85.5 ± 21.0	-0.027	83.3 ± 21.2	-0.133
Mean BP, mmHg, min	56.7 ± 11.5	59.2 ± 12.1	0.219	57.6 ± 14.4	0.074	60.4 ± 15.0	0.282
Mean BP, mmHg, max	103.4 ± 21.5	106.6 ± 23.5	0.141	99.4 ± 21.3	-0.19	99.6 ± 21.2	-0.178
Respiratory rate, /min, min	12.4 ± 3.8	12.7 ± 4.0	0.085	14.4 ± 5.6	0.407	14.7 ± 5.9	0.464
Respiratory rate, /min, max	28.2 ± 6.4	29.7 ± 7.1	0.215	30.6 ± 8.6	0.316	30.0 ± 8.9	0.225
Temperature, C, min	36.2 ± 0.8	36.4 ± 0.8	0.18	36.3 ± 0.9	0.154	36.3 ± 0.9	0.142
Temperature, C, max	37.5 ± 0.8	37.5 ± 0.8	-0.007	37.6 ± 0.9	0.077	37.6 ± 0.9	0.032
SpO2, %, min	91.6 ± 5.8	90.8 ± 6.4	-0.134	90.2 ± 8.1	-0.201	91.1 ± 7.5	-0.078
SpO2, %, max	99.6 ± 1.0	99.5 ± 1.0	-0.095	99.2 ± 1.5	-0.322	99.2 ± 1.6	-0.31
BUN, mg/dL, min	25.4 ± 20.6	27.9 ± 23.5	0.113	32.6 ± 23.6	0.323	34.1 ± 23.4	0.395
BUN, mg/dL, max	30.7 ± 24.2	34.3 ± 27.6	0.138	35.5 ± 25.9	0.191	37.6 ± 25.8	0.278
Creatinine, mg/dL, min	1.3 ± 1.3	1.5 ± 1.5	0.099	1.8 ± 1.6	0.285	1.9 ± 1.8	0.354
Creatinine, mg/dL, max	1.7 ± 1.7	1.9 ± 1.9	0.128	2.0 ± 1.8	0.167	2.1 ± 2.0	0.252
WBC, K/uL, min	10.8 ± 7.6	11.8 ± 9.0	0.112	14.5 ± 9.4	0.423	13.7 ± 9.5	0.333
WBC, K/uL, max	15.6 ± 11.4	17.2 ± 15.0	0.12	15.7 ± 10.2	0.015	15.4 ± 10.6	-0.018
Hemoglobin, g/dL, min	9.9 ± 2.1	9.7 ± 2.4	-0.091	10.2 ± 2.1	0.164	10.2 ± 2.2	0.154
Hemoglobin, g/dL, max	11.5 ± 2.1	11.2 ± 2.4	-0.103	10.6 ± 2.0	-0.419	10.8 ± 2.2	-0.325
Platelet, K/uL, min	177.1 ± 102.6	169.5 ± 102.4	-0.074	189.6 ± 107.2	0.119	181.5 ± 103.0	0.042
Platelet, K/uL, max	222.2 ± 118.0	213.1 ± 115.6	-0.078	198.8 ± 110.3	-0.204	194.5 ± 108.5	-0.244
Sodium, mmol/L, min	136.5 ± 5.2	136.5 ± 5.9	-0.001	137.7 ± 6.0	0.214	137.4 ± 6.1	0.158
Sodium, mmol/L, max	139.9 ± 5.1	140.2 ± 6.0	0.061	139.3 ± 6.1	-0.102	139.3 ± 6.2	-0.096
Potassium, mmol/L, min	3.9 ± 0.6	4.0 ± 0.6	0.127	3.9 ± 0.7	-0.009	3.9 ± 0.6	0.016
Potassium, mmol/L, max	4.6 ± 0.8	4.8 ± 0.9	0.198	4.2 ± 0.8	-0.49	4.3 ± 0.8	-0.385
Chloride, mmol/L, min	102.5 ± 6.6	100.8 ± 6.9	-0.252	104.9 ± 7.3	0.34	104.3 ± 7.5	0.259
Chloride, mmol/L, max	107.0 ± 6.5	105.2 ± 7.0	-0.265	106.5 ± 7.4	-0.067	106.5 ± 7.6	-0.073
Bicarbonate, mmol/L, min	21.3 ± 4.8	19.6 ± 5.2	-0.358	21.4 ± 5.5	0.021	21.3 ± 5.8	-0.005
Bicarbonate, mmol/L, max	24.4 ± 4.3	23.0 ± 4.4	-0.316	22.8 ± 5.0	-0.329	23.0 ± 5.1	-0.278
Glucose, mg/dL, min	119.1 ± 40.2	120.7 ± 43.1	0.037	113.7 ± 42.7	-0.132	108.9 ± 39.4	-0.258
Glucose, mg/dL, max	172.7 ± 104.4	184.2 ± 111.2	0.107	180.0 ± 96.3	0.073	185.6 ± 98.2	0.128
Calcium, mg/dL, min	7.9 ± 0.9	8.0 ± 0.8	0.009	7.8 ± 0.9	-0.166	7.9 ± 1.0	-0.103
Calcium, mg/dL, max	8.5 ± 0.9	8.6 ± 0.9	0.043	8.0 ± 0.8	-0.589	8.2 ± 0.9	-0.419
