model,variable,level,k,median_auc,pooled_auc_ci,median_event_rate
transportable,teachingstatus,False,112,0.755,0.739 (0.724-0.754),0.444
transportable,teachingstatus,True,17,0.755,0.760 (0.734-0.786),0.405
transportable,region,Midwest,42,0.732,0.718 (0.697-0.738),0.472
transportable,region,Northeast,9,0.786,0.782 (0.726-0.830),0.407
transportable,region,South,38,0.775,0.754 (0.727-0.778),0.441
transportable,region,Unknown,10,0.768,0.753 (0.700-0.799),0.366
transportable,region,West,30,0.77,0.755 (0.729-0.779),0.391
transportable,numbedscategory,100 - 249,45,0.74,0.719 (0.691-0.746),0.455
transportable,numbedscategory,250 - 499,34,0.776,0.759 (0.741-0.777),0.439
transportable,numbedscategory,<100,13,0.654,0.664 (0.612-0.713),0.45
transportable,numbedscategory,>= 500,22,0.772,0.777 (0.759-0.793),0.38
transportable,numbedscategory,Unknown,15,0.765,0.728 (0.680-0.771),0.453
