hospitalid,n,obs_rate,citl_full,oe_full,citl_transp,oe_transp
59,31,0.71,2.359,2.56,2.164,2.293
63,42,0.381,1.301,2.129,1.058,1.901
66,94,0.5,1.07,1.729,1.018,1.698
67,27,0.444,1.216,2.03,1.089,1.849
69,40,0.6,2.031,2.54,1.882,2.501
71,31,0.645,2.157,2.442,1.987,2.5
73,400,0.405,0.756,1.491,0.656,1.418
79,158,0.519,2.065,2.814,1.589,2.23
92,60,0.517,1.287,1.919,0.927,1.585
95,44,0.5,1.017,1.691,0.769,1.473
108,35,0.629,1.881,2.397,1.523,1.959
110,110,0.455,0.836,1.543,0.726,1.468
112,26,0.615,2.492,4.058,1.996,2.881
122,265,0.358,0.668,1.431,0.358,1.212
140,58,0.552,1.641,2.288,1.177,1.743
141,77,0.532,1.36,1.929,0.963,1.548
142,116,0.44,1.109,1.755,0.707,1.404
143,39,0.59,1.623,1.946,1.338,1.713
144,33,0.455,0.956,1.572,0.751,1.451
146,49,0.571,1.835,2.268,1.656,2.175
148,158,0.329,0.448,1.259,0.435,1.272
154,126,0.389,0.9,1.578,0.811,1.558
155,56,0.304,0.504,1.293,0.604,1.418
157,201,0.353,0.951,1.665,0.763,1.546
165,141,0.369,0.97,1.699,0.927,1.676
167,242,0.38,0.742,1.452,0.738,1.474
171,115,0.522,0.92,1.517,1.004,1.563
175,48,0.479,0.383,1.187,0.426,1.219
176,205,0.42,0.858,1.525,0.687,1.413
180,31,0.323,0.186,1.112,-0.134,0.929
181,82,0.439,0.892,1.552,0.515,1.292
183,99,0.434,0.949,1.593,0.651,1.38
184,75,0.347,0.387,1.234,0.023,1.012
188,221,0.471,0.817,1.5,0.621,1.346
195,28,0.429,0.779,1.501,0.341,1.184
197,73,0.438,0.902,1.634,0.819,1.557
199,255,0.325,0.428,1.263,0.469,1.296
200,58,0.5,1.156,1.735,0.962,1.58
202,69,0.377,0.806,1.553,0.722,1.471
204,27,0.407,0.776,1.553,0.635,1.428
206,76,0.237,0.422,1.297,0.362,1.249
208,191,0.445,1.007,1.657,0.856,1.568
210,37,0.568,1.312,1.844,0.98,1.563
215,50,0.32,0.873,1.744,0.421,1.292
217,101,0.267,0.154,1.094,-0.072,0.958
220,41,0.634,1.678,2.017,1.339,1.72
224,25,0.64,1.985,2.558,1.573,1.933
226,71,0.437,0.648,1.404,0.554,1.327
227,83,0.578,1.478,1.971,1.504,1.993
243,186,0.355,0.695,1.43,0.7,1.469
244,111,0.441,0.7,1.45,0.594,1.367
245,40,0.5,1.246,1.94,1.003,1.702
248,157,0.433,1.209,1.936,0.98,1.697
249,30,0.567,1.361,1.96,1.206,1.809
250,29,0.241,-0.429,0.753,-0.587,0.685
252,297,0.333,0.874,1.687,0.697,1.529
253,46,0.391,1.408,2.371,1.257,2.106
259,57,0.509,1.11,1.75,1.03,1.664
264,227,0.379,0.245,1.133,0.138,1.073
268,78,0.372,0.439,1.3,1.212,2.114
269,112,0.509,1.581,2.356,1.167,1.861
271,88,0.477,1.486,2.211,1.186,1.873
272,109,0.367,0.671,1.479,0.394,1.25
275,54,0.426,1.404,2.279,1.245,2.068
277,191,0.372,1.273,2.136,0.833,1.621
279,84,0.476,1.196,1.935,0.964,1.655
280,127,0.362,0.833,1.641,0.571,1.398
281,212,0.491,1.513,2.214,1.245,1.935
282,65,0.446,1.243,1.908,1.083,1.773
283,216,0.426,1.246,2.085,0.882,1.662
300,281,0.466,0.635,1.359,0.45,1.24
301,35,0.514,1.498,2.248,1.271,2.0
307,159,0.421,0.968,1.69,0.814,1.561
310,86,0.523,0.539,1.27,0.696,1.384
312,41,0.463,1.24,1.986,1.019,1.753
318,82,0.427,1.098,1.861,0.815,1.566
331,117,0.513,0.391,1.187,0.535,1.285
336,103,0.427,1.034,1.703,0.865,1.601
337,31,0.355,-0.529,0.764,0.391,1.241
338,324,0.469,0.834,1.507,0.619,1.352
345,216,0.449,0.783,1.463,0.614,1.348
353,106,0.443,0.792,1.593,0.69,1.478
357,49,0.633,1.871,2.552,1.636,2.227
358,56,0.571,1.493,2.17,1.433,2.076
360,44,0.591,1.805,2.411,1.681,2.351
364,37,0.514,1.089,1.826,1.106,1.852
365,183,0.475,1.075,1.822,0.992,1.72
381,40,0.45,1.079,1.842,0.863,1.59
382,62,0.355,0.02,1.012,0.638,1.486
384,121,0.496,0.937,1.605,0.877,1.547
386,75,0.347,0.763,1.541,0.716,1.525
387,51,0.392,0.332,1.201,0.172,1.096
388,129,0.287,0.065,1.038,0.189,1.121
389,52,0.5,1.112,1.781,0.914,1.562
390,131,0.328,0.369,1.238,0.339,1.223
391,136,0.36,-0.065,0.964,0.537,1.382
392,88,0.261,-0.282,0.845,-0.307,0.831
394,189,0.471,0.806,1.505,0.443,1.236
396,82,0.268,0.197,1.127,-0.048,0.971
397,42,0.333,0.621,1.477,0.651,1.51
398,45,0.378,0.649,1.515,0.393,1.278
399,40,0.35,-0.259,0.874,-0.166,0.912
400,231,0.355,0.789,1.583,0.599,1.401
402,51,0.51,1.242,1.922,0.945,1.602
403,75,0.427,0.968,1.672,0.902,1.626
404,55,0.455,0.59,1.351,0.36,1.204
405,52,0.462,1.041,1.668,0.987,1.643
407,68,0.25,-0.721,0.65,-0.543,0.725
408,29,0.276,-0.599,0.702,-0.6,0.697
411,132,0.462,0.76,1.442,1.203,1.938
416,128,0.281,0.359,1.231,0.222,1.141
417,145,0.441,1.17,1.858,0.971,1.688
419,33,0.576,1.708,2.194,1.408,1.893
420,244,0.357,0.571,1.358,0.224,1.124
421,41,0.415,0.739,1.558,0.573,1.392
424,29,0.448,0.515,1.307,0.111,1.055
429,32,0.406,0.171,1.088,-0.007,0.996
434,46,0.391,0.762,1.517,0.439,1.267
435,84,0.464,1.164,1.789,0.906,1.591
436,39,0.436,0.136,1.069,-0.148,0.933
439,26,0.5,0.904,1.535,0.548,1.298
440,46,0.457,1.552,2.116,1.108,1.775
443,127,0.362,0.803,1.5,0.78,1.482
444,47,0.553,1.162,1.745,0.934,1.537
445,30,0.533,1.265,1.761,1.063,1.602
449,119,0.445,1.476,2.048,1.094,1.733
452,53,0.453,1.585,2.535,1.371,2.233
458,126,0.341,0.573,1.366,0.391,1.245
459,37,0.459,1.011,1.596,0.704,1.377
