model,subgroup,slope,slope_ci
full,Overall,0.741,0.706-0.774
full,MV: Yes,0.458,0.376-0.538
full,MV: No,0.585,0.539-0.630
full,Age <65,0.804,0.750-0.859
full,Age 65-79,0.709,0.654-0.766
full,Age >=80,0.695,0.623-0.770
full,Male,0.733,0.680-0.782
full,Female,0.748,0.698-0.801
full,White,0.732,0.695-0.771
full,Black,0.756,0.639-0.871
full,Hispanic,0.871,0.701-1.088
full,Asian,0.801,0.573-1.111
full,CCI 0-1,0.675,0.621-0.730
full,CCI 2,0.782,0.721-0.847
full,CCI >=3,0.715,0.653-0.787
transportable,Overall,0.907,0.869-0.949
transportable,MV: Yes,0.71,0.613-0.823
transportable,MV: No,0.73,0.680-0.782
transportable,Age <65,0.927,0.868-0.987
transportable,Age 65-79,0.877,0.814-0.955
transportable,Age >=80,0.907,0.830-0.996
transportable,Male,0.907,0.851-0.967
transportable,Female,0.907,0.849-0.967
transportable,White,0.896,0.851-0.942
transportable,Black,0.933,0.805-1.084
transportable,Hispanic,1.035,0.862-1.283
transportable,Asian,0.872,0.617-1.185
transportable,CCI 0-1,0.815,0.754-0.880
transportable,CCI 2,0.968,0.897-1.048
transportable,CCI >=3,0.895,0.822-0.978
