model,cohort,threshold,flagged_pct,sens,spec,ppv,npv,fp_per100,fn_per100,locked
full,internal,0.2,62.5,0.912,0.511,0.468,0.925,33.2,2.8,False
full,internal,0.25,56.7,0.874,0.578,0.495,0.907,28.7,4.0,False
full,internal,0.3,52.1,0.838,0.629,0.516,0.891,25.2,5.2,False
full,internal,0.35,47.0,0.787,0.68,0.537,0.871,21.8,6.8,False
full,internal,0.396,42.3,0.733,0.723,0.556,0.851,18.8,8.6,True
full,internal,0.4,42.0,0.729,0.726,0.557,0.85,18.6,8.7,False
full,internal,0.414,40.6,0.711,0.738,0.561,0.844,17.8,9.3,False
full,internal,0.45,36.6,0.665,0.775,0.583,0.831,15.3,10.7,False
full,internal,0.5,31.4,0.6,0.82,0.612,0.813,12.2,12.8,False
full,internal,0.55,26.0,0.523,0.864,0.644,0.793,9.3,15.3,False
full,internal,0.6,20.4,0.426,0.9,0.669,0.769,6.8,18.4,False
full,eICU_primary,0.2,57.6,0.772,0.567,0.565,0.773,25.0,9.6,False
full,eICU_primary,0.25,48.7,0.682,0.655,0.59,0.739,20.0,13.4,False
full,eICU_primary,0.3,40.0,0.579,0.73,0.609,0.704,15.6,17.8,False
full,eICU_primary,0.35,32.6,0.479,0.786,0.62,0.675,12.4,21.9,False
full,eICU_primary,0.396,26.1,0.395,0.836,0.636,0.655,9.5,25.5,True
full,eICU_primary,0.4,25.6,0.387,0.84,0.637,0.653,9.3,25.8,False
full,eICU_primary,0.414,23.7,0.358,0.851,0.636,0.645,8.6,27.1,False
full,eICU_primary,0.45,19.1,0.294,0.884,0.648,0.632,6.7,29.7,False
full,eICU_primary,0.5,13.8,0.216,0.92,0.662,0.617,4.6,33.0,False
full,eICU_primary,0.55,9.5,0.151,0.945,0.667,0.604,3.2,35.8,False
full,eICU_primary,0.6,6.2,0.101,0.966,0.683,0.596,2.0,37.9,False
full,eICU_primary_MV,0.2,13.6,0.225,0.878,0.225,0.878,10.6,10.6,False
full,eICU_primary_MV,0.25,9.4,0.173,0.919,0.251,0.876,7.0,11.3,False
full,eICU_primary_MV,0.3,6.3,0.123,0.946,0.266,0.873,4.6,11.9,False
full,eICU_primary_MV,0.35,4.4,0.09,0.964,0.279,0.87,3.1,12.4,False
full,eICU_primary_MV,0.396,2.7,0.06,0.978,0.302,0.868,1.9,12.8,True
full,eICU_primary_MV,0.4,2.7,0.058,0.978,0.298,0.868,1.9,12.8,False
full,eICU_primary_MV,0.414,2.4,0.05,0.98,0.282,0.867,1.7,12.9,False
full,eICU_primary_MV,0.45,1.8,0.042,0.985,0.308,0.867,1.3,13.0,False
full,eICU_primary_MV,0.5,1.1,0.031,0.992,0.395,0.867,0.7,13.2,False
full,eICU_primary_MV,0.55,0.7,0.025,0.996,0.522,0.866,0.3,13.3,False
full,eICU_primary_MV,0.6,0.5,0.019,0.998,0.562,0.866,0.2,13.4,False
transportable,internal,0.2,61.2,0.891,0.52,0.467,0.91,32.6,3.5,False
transportable,internal,0.25,55.6,0.856,0.586,0.494,0.896,28.1,4.6,False
transportable,internal,0.3,50.0,0.811,0.646,0.52,0.878,24.0,6.1,False
transportable,internal,0.35,44.4,0.756,0.703,0.546,0.859,20.2,7.8,False
transportable,internal,0.396,40.3,0.709,0.742,0.565,0.844,17.5,9.3,False
transportable,internal,0.4,39.9,0.703,0.745,0.565,0.842,17.3,9.5,False
transportable,internal,0.414,38.5,0.688,0.758,0.573,0.837,16.4,10.0,True
transportable,internal,0.45,34.8,0.64,0.789,0.589,0.823,14.3,11.6,False
transportable,internal,0.5,29.5,0.561,0.83,0.609,0.8,11.5,14.1,False
transportable,internal,0.55,24.6,0.481,0.865,0.628,0.779,9.1,16.7,False
transportable,internal,0.6,19.3,0.399,0.905,0.664,0.761,6.5,19.3,False
transportable,eICU_primary,0.2,62.1,0.829,0.53,0.562,0.809,27.2,7.2,False
transportable,eICU_primary,0.25,52.8,0.74,0.626,0.59,0.767,21.7,11.0,False
transportable,eICU_primary,0.3,43.7,0.64,0.71,0.616,0.73,16.8,15.2,False
transportable,eICU_primary,0.35,35.1,0.532,0.781,0.639,0.696,12.7,19.7,False
transportable,eICU_primary,0.396,28.3,0.442,0.832,0.658,0.672,9.7,23.5,False
transportable,eICU_primary,0.4,27.9,0.435,0.836,0.659,0.67,9.5,23.8,False
transportable,eICU_primary,0.414,26.1,0.41,0.848,0.662,0.664,8.8,24.9,True
transportable,eICU_primary,0.45,21.1,0.341,0.884,0.681,0.648,6.7,27.8,False
transportable,eICU_primary,0.5,15.6,0.261,0.92,0.705,0.631,4.6,31.1,False
transportable,eICU_primary,0.55,10.7,0.183,0.948,0.718,0.614,3.0,34.4,False
transportable,eICU_primary,0.6,7.2,0.126,0.967,0.737,0.603,1.9,36.8,False
transportable,eICU_primary_MV,0.2,14.5,0.279,0.877,0.263,0.885,10.7,9.8,False
transportable,eICU_primary_MV,0.25,8.2,0.188,0.935,0.312,0.88,5.6,11.1,False
transportable,eICU_primary_MV,0.3,4.8,0.133,0.966,0.381,0.876,3.0,11.8,False
transportable,eICU_primary_MV,0.35,3.2,0.096,0.978,0.407,0.873,1.9,12.3,False
transportable,eICU_primary_MV,0.396,2.2,0.077,0.986,0.468,0.871,1.2,12.6,False
transportable,eICU_primary_MV,0.4,2.2,0.077,0.987,0.474,0.871,1.2,12.6,False
transportable,eICU_primary_MV,0.414,1.7,0.065,0.99,0.508,0.87,0.9,12.7,True
transportable,eICU_primary_MV,0.45,1.1,0.044,0.994,0.538,0.868,0.5,13.0,False
transportable,eICU_primary_MV,0.5,0.6,0.027,0.997,0.619,0.867,0.2,13.2,False
transportable,eICU_primary_MV,0.55,0.4,0.017,0.998,0.571,0.866,0.2,13.4,False
transportable,eICU_primary_MV,0.6,0.3,0.008,0.998,0.444,0.865,0.1,13.5,False
