cohort,threshold,nb_model,nb_comp,nb_all
(a) Temporal internal test,0.01,0.3139692657221293,0.31386408338855404,0.3138605773107682
(a) Temporal internal test,0.02,0.30732667937011665,0.3068981150252534,0.30685915463026586
(a) Temporal internal test,0.03,0.301235968324286,0.2997885184482765,0.29971337271923765
(a) Temporal internal test,0.04,0.29508706467661694,0.292642890200162,0.2924187203517297
(a) Temporal internal test,0.05,0.28908091123330715,0.28523538975867296,0.28497049635543215
(a) Temporal internal test,0.06,0.2826035581616903,0.27781429320493034,0.2773637995081495
(a) Temporal internal test,0.07,0.2774798177156229,0.27043514609995783,0.2695935177824307
(a) Temporal internal test,0.08,0.2717730860359477,0.26298990386792026,0.26165431688876145
(a) Temporal internal test,0.09,0.2667705428899459,0.255560302245481,0.2535406280633632
(a) Temporal internal test,0.1,0.26157969840718887,0.24800416522040958,0.24524663504184502
(a) Temporal internal test,0.11,0.254850648768179,0.24055512872013074,0.23676626015467475
(a) Temporal internal test,0.12,0.24945568142374808,0.23337067306175258,0.22809314947461423
(a) Temporal internal test,0.13,0.24372723391861864,0.22551636365087152,0.21922065693983966
(a) Temporal internal test,0.14,0.2369291993251697,0.2177982451183778,0.2101418273693727
(a) Temporal internal test,0.15,0.23196602486881596,0.20937378769626558,0.2008493782796006
(a) Temporal internal test,0.16,0.22619460835358096,0.2016165022065751,0.19133568040197682
(a) Temporal internal test,0.17,0.2201063887622688,0.19337119390439228,0.18159273679236207
(a) Temporal internal test,0.18,0.21488558342716368,0.18530574580303247,0.17161216041178112
(a) Temporal internal test,0.19,0.21033077506524228,0.17738610993267945,0.16138515004649448
(a) Temporal internal test,0.2,0.20431273863241928,0.16903852828878863,0.15090246442207567
(a) Temporal internal test,0.21,0.19909797494716586,0.16025773399707377,0.140154394351469
(a) Temporal internal test,0.22,0.19433245222901593,0.1522619460835358,0.12913073274059042
(a) Temporal internal test,0.23,0.19040556805221853,0.14595175737140328,0.117820742256702
(a) Temporal internal test,0.24,0.18630227077586362,0.13755275032426606,0.10621312044429015
(a) Temporal internal test,0.25,0.18060858498206644,0.13062594006710632,0.09429596205021407
(a) Temporal internal test,0.26,0.17515971368800248,0.12224077600682945,0.08205671829413586
(a) Temporal internal test,0.27,0.17120434780541383,0.11399913462315689,0.06948215279131575
(a) Temporal internal test,0.28,0.1667920089475105,0.10434262794554358,0.05655829380230626
(a) Temporal internal test,0.29,0.16106496668312545,0.09509364412787027,0.04327038244740916
(a) Temporal internal test,0.3,0.1569643476967323,0.08898200029751577,0.029602816482372174
(a) Temporal internal test,0.31,0.15251095382541285,0.08151859509328985,0.015539089185015231
(a) Temporal internal test,0.32,0.14642587336913243,0.07295261040896747,0.0010617228495007347
(a) Temporal internal test,0.33,0.14202417278411827,0.06470079315328942,-0.013847803675133608
(a) Temporal internal test,0.34,0.13766263818329072,0.05556256771112722,-0.029209134033847728
(a) Temporal internal test,0.35,0.13376765546151176,0.04599097535577917,-0.04504312071129152
(a) Temporal internal test,0.36,0.12859033321763275,0.03789916695591805,-0.0613719194724055
(a) Temporal internal test,0.37,0.12358197936122266,0.030467815958964833,-0.07821909279736422
(a) Temporal internal test,0.38,0.12033792030097076,0.024224339667006295,-0.09560972332635398
(a) Temporal internal test,0.39,0.11644408533011648,0.02011198297494604,-0.11357053846285159
(a) Temporal internal test,0.4,0.11003123915307182,0.01243781094527363,-0.1321300474372325
(a) Temporal internal test,0.41,0.10577777254837362,0.005335953264815063,-0.15131869230904993
(a) Temporal internal test,0.42,0.101874349184311,0.0007360949861757449,-0.17116901459024053
(a) Temporal internal test,0.43,0.09654907835364183,-0.005264375795441367,-0.191715839407613
(a) Temporal internal test,0.44,0.09195715773293003,-0.011900629741657176,-0.21299647939703475
(a) Temporal internal test,0.45,0.08799028115237766,-0.014120728282477651,-0.2350509608406171
(a) Temporal internal test,0.46,0.08175530615655571,-0.01885919241004283,-0.25792227493025827
(a) Temporal internal test,0.47,0.07627723602260744,-0.024418277196728067,-0.2816566574761122
(a) Temporal internal test,0.48,0.07132939951405763,-0.027821536325528,-0.30630390088911436
(a) Temporal internal test,0.49,0.0681510368812572,-0.033563373284058506,-0.3319177028673322
(a) Temporal internal test,0.5,0.06456091634849011,-0.036619229434224215,-0.3585560569246789
(a) Temporal internal test,0.51,0.05862476889402063,-0.040596731577045936,-0.38628169073946833
(a) Temporal internal test,0.52,0.05479868101353695,-0.035404373481430065,-0.4151625592965406
(a) Temporal internal test,0.53,0.0507543923135436,-0.03386457125554812,-0.4452724009837011
(a) Temporal internal test,0.54,0.046737998581410437,-0.03810573019633884,-0.47669136622247715
(a) Temporal internal test,0.55,0.042327124069574576,-0.03713988198542177,-0.5095067299163101
(a) Temporal internal test,0.56,0.039569593891010044,-0.040027137042062455,-0.5438137010507715
(a) Temporal internal test,0.57,0.035581960398117535,-0.0430002502361099,-0.5797163452612548
(a) Temporal internal test,0.58,0.033015983206889116,-0.03642914993140613,-0.6173286391960466
(a) Temporal internal test,0.59,0.030718500520652572,-0.035188493155323755,-0.6567756791764374
(a) Temporal internal test,0.6,0.03097882679625133,-0.03323498785144046,-0.6981950711558484
(a) Temporal internal test,0.61,0.029201043085111122,-0.030709600477042333,-0.741738534518819
(a) Temporal internal test,0.62,0.02846233946546338,-0.027649390745172545,-0.7875737591114196
(a) Temporal internal test,0.63,0.025300899650083974,-0.01911404636152987,-0.8358865634117281
(a) Temporal internal test,0.64,0.02119248717652049,-0.01660303135485364,-0.8868834123953873
(a) Temporal internal test,0.65,0.01941290226607824,-0.016512123766549317,-0.9407943670352557
(a) Temporal internal test,0.66,0.01614022908712251,-0.015548114421054788,-0.9978765543009984
(a) Temporal internal test,0.67,0.011485910826417589,-0.012285296561589519,-1.0584182680676955
(a) Temporal internal test,0.68,0.005488545643873632,-0.009610378340853874,-1.122743838944811
(a) Temporal internal test,0.69,0.006247830614369981,-0.006768483165567516,-1.1912194466527082
(a) Temporal internal test,0.7,0.004107370126113605,-0.00410737012611362,-1.2642600948744651
(a) Temporal internal test,0.71,0.0037343355396234346,-0.0017414930160744016,-1.3423380291804816
(a) Temporal internal test,0.72,0.00384291168741014,-0.001363613824564883,-1.4259929587940692
(a) Temporal internal test,0.73,0.0027318189414683725,-0.0004178076028128092,-1.5158445498605162
(a) Temporal internal test,0.74,0.001815608896483599,0.0003471017007983339,-1.6126078017782284
(a) Temporal internal test,0.75,0.0019090593543908338,0.00017355085039916696,-1.717112113849358
(a) Temporal internal test,0.76,-0.0001157005669327818,0.0,-1.8303251185930811
(a) Temporal internal test,0.77,-0.0003471017007983315,0.0,-1.9533827324449542
(a) Temporal internal test,0.78,-0.0016723991038465197,0.0,-2.0876274021015435
(a) Temporal internal test,0.79,-0.0019669096378572316,0.0,-2.2346572783920933
(a) Temporal internal test,0.8,0.0001735508503991623,0.0,-2.396390142311698
(a) Temporal internal test,0.81,-0.001899925099106678,0.0,-2.57514751822284
(a) Temporal internal test,0.82,-0.0023525781942998307,0.0,-2.773766824790776
(a) Temporal internal test,0.83,-0.003328092778242857,0.0,-2.995753108601998
(a) Temporal internal test,0.84,-0.004338771259979187,0.0,-3.2454876778896242
(a) Temporal internal test,0.85,-0.007578387134096955,0.0,-3.5285201897489293
(a) Temporal internal test,0.86,-0.0030495363712996475,0.0,-3.8519859175881384
(a) Temporal internal test,0.87,0.00014685071956852588,0.0,-4.225215603556457
(a) Temporal internal test,0.88,0.0015619576535925027,0.0,-4.660650237186162
(a) Temporal internal test,0.89,0.0038181187087816732,0.0,-5.175254804203086
(a) Temporal internal test,0.9,0.0027768136063866713,0.0,-5.792780284623396
(a) Temporal internal test,0.91,0.0010413051023950017,0.0,-6.547533649581551
(a) Temporal internal test,0.92,0.0,0.0,-7.490975355779248
(a) Temporal internal test,0.93,0.0,0.0,-8.703971835176285
(a) Temporal internal test,0.94,0.0,0.0,-10.321300474372334
(a) Temporal internal test,0.95,0.0,0.0,-12.585560569246809
(a) Temporal internal test,0.96,0.0,0.0,-15.981950711558516
(a) Temporal internal test,0.97,0.0,0.0,-21.64260094874463
(a) Temporal internal test,0.98,0.0,0.0,-32.963901423116944
(a) Temporal internal test,0.99,0.0,0.0,-66.92780284623387
(b) Primary eICU external cohort,0.01,0.4155346048651488,0.4155542272697084,0.4155542272697084
(b) Primary eICU external cohort,0.02,0.40913304951388807,0.4095981189845932,0.4095904948949095
(b) Primary eICU external cohort,0.03,0.4029584486169052,0.4035500150972695,0.40350379896599103
(b) Primary eICU external cohort,0.04,0.39641238294480974,0.39742727634987046,0.39729029687188677
(b) Primary eICU external cohort,0.05,0.3902027558435839,0.39126057822380217,0.39094598420738036
(b) Primary eICU external cohort,0.06,0.38341271254339887,0.38477667840927876,0.38446668616703333
(b) Primary eICU external cohort,0.07,0.3766550013175739,0.37832928420389617,0.37784804838388314
(b) Primary eICU external cohort,0.08,0.37044231918708903,0.3720275994698407,0.3710855271706645
(b) Primary eICU external cohort,0.09,0.36325808083130257,0.36547411046813316,0.36417437911759487
(b) Primary eICU external cohort,0.1,0.35613834097097696,0.3590190609019061,0.35710964999667927
(b) Primary eICU external cohort,0.11,0.3504922866142367,0.352282114481823,0.34988616291799024
(b) Primary eICU external cohort,0.12,0.34269208824648156,0.34544639460957455,0.342498505678422
(b) Primary eICU external cohort,0.13,0.3360523115608962,0.3384449436967111,0.33494101723794406
(b) Primary eICU external cohort,0.14,0.32878723640862395,0.3310130805265572,0.32720777325233874
(b) Primary eICU external cohort,0.15,0.3216087690306248,0.3239073872226715,0.31929257058471916
(b) Primary eICU external cohort,0.16,0.3132631713773375,0.31697406996271316,0.31118891071072774
(b) Primary eICU external cohort,0.17,0.3052394875377181,0.3096684406484276,0.30288998192411
(b) Primary eICU external cohort,0.18,0.29835405945213067,0.30165250098406543,0.2943886402402577
(b) Primary eICU external cohort,0.19,0.28988454982178835,0.2942559016478124,0.28567738888519917
(b) Primary eICU external cohort,0.2,0.2811566049013748,0.28580768081291097,0.27674835624626415
(b) Primary eICU external cohort,0.21,0.27226066264650023,0.278397784620972,0.26759327214811557
(b) Primary eICU external cohort,0.22,0.2639259276288565,0.2718170950388523,0.25820344230386066
(b) Primary eICU external cohort,0.23,0.2558385278797711,0.2643513091809565,0.24856972077533937
(b) Primary eICU external cohort,0.24,0.24721977537987228,0.25678736590430046,0.2386824802592254
(b) Primary eICU external cohort,0.25,0.23948993823470813,0.2491283124128313,0.2285315799960151
(b) Primary eICU external cohort,0.26,0.23004474887320076,0.24121581234551948,0.2181063310770423
(b) Primary eICU external cohort,0.27,0.22094465687920145,0.23372520040285272,0.20739545890001548
(b) Primary eICU external cohort,0.28,0.2123555489141263,0.22584595204888092,0.196387062495849
(b) Primary eICU external cohort,0.29,0.2044589714016315,0.21767003695815051,0.18506857041832575
(b) Primary eICU external cohort,0.3,0.19762402869097428,0.20950388523610283,0.1734266928528733
(b) Primary eICU external cohort,0.31,0.18996508918284427,0.20134467285185859,0.16144736956088596
(b) Primary eICU external cohort,0.32,0.1809843184135579,0.19298723673569848,0.14911571323089895
(b) Primary eICU external cohort,0.33,0.1718625937854065,0.18447176847382926,0.13641594775673327
(b) Primary eICU external cohort,0.34,0.1642100925573729,0.17633673857523227,0.12333134090456255
(b) Primary eICU external cohort,0.35,0.1561451101200055,0.16826635707388843,0.10984413076463273
(b) Primary eICU external cohort,0.36,0.15009059324566648,0.1602426404662283,0.0959354453078301
(b) Primary eICU external cohort,0.37,0.14166998738128445,0.15002870046205372,0.08158521428097032
(b) Primary eICU external cohort,0.38,0.1339731600563022,0.14099165108073197,0.06677207257582468
(b) Primary eICU external cohort,0.39,0.12664987800456623,0.13225235906832725,0.05147325409346115
(b) Primary eICU external cohort,0.4,0.12009364415222155,0.12335624626419603,0.03566447499501879
(b) Primary eICU external cohort,0.41,0.1134430688806265,0.11512228109455255,0.019319805079680175
(b) Primary eICU external cohort,0.42,0.10714285714285712,0.10754220170249601,0.0024115258569159526
(b) Primary eICU external cohort,0.43,0.10057832866685543,0.10566819769087996,-0.015090026321032735
(b) Primary eICU external cohort,0.44,0.09373665784305354,0.09718960806079754,-0.03321663393390839
(b) Primary eICU external cohort,0.45,0.08873553225017661,0.08997853610824325,-0.052002390914524854
(b) Primary eICU external cohort,0.46,0.08372351730092314,0.0798216776250249,-0.07148391667220128
(b) Primary eICU external cohort,0.47,0.07878881006890798,0.07271566161792736,-0.09170059434526173
(b) Primary eICU external cohort,0.48,0.07418731895719344,0.06664099498827533,-0.11269483654420903
(b) Primary eICU external cohort,0.49,0.06837693236290332,0.060852583711308805,-0.1345123823588013
(b) Primary eICU external cohort,0.5,0.06410639569635385,0.055289898386132685,-0.1572026300059774
(b) Primary eICU external cohort,0.51,0.058395952523268714,0.048376373860961,-0.18081901021018104
(b) Primary eICU external cohort,0.52,0.05371463438932058,0.042345337716676604,-0.2054194062562265
(b) Primary eICU external cohort,0.53,0.04863698795640396,0.0370003560936526,-0.2310666276659335
(b) Primary eICU external cohort,0.54,0.045141505756386605,0.03367746043296342,-0.25782894565867115
(b) Primary eICU external cohort,0.55,0.040122534369396286,0.029404927940492778,-0.28578070000664174
(b) Primary eICU external cohort,0.56,0.03646144650328751,0.025192903330978636,-0.3150029886431563
(b) Primary eICU external cohort,0.57,0.033245179944119324,0.0228561698105339,-0.3455844534953228
(b) Primary eICU external cohort,0.58,0.0297583468533857,0.019781971365952222,-0.3776221785785448
(b) Primary eICU external cohort,0.59,0.026553365503768613,0.01653412155759336,-0.41122271951948447
(b) Primary eICU external cohort,0.6,0.024544231918708914,0.013822474596533199,-0.44650328750747165
(b) Primary eICU external cohort,0.61,0.021972274587337352,0.010119239198737098,-0.4835931153922787
(b) Primary eICU external cohort,0.62,0.02010255764935351,0.006889608959637583,-0.5226350394815491
(b) Primary eICU external cohort,0.63,0.018263032907384374,0.005127138495339335,-0.5637873378459153
(b) Primary eICU external cohort,0.64,0.016669987381284453,0.002465630603705908,-0.6072258750083022
(b) Primary eICU external cohort,0.65,0.01580778755016651,0.0017077960891469443,-0.6531466142942537
(b) Primary eICU external cohort,0.66,0.013422523821243978,0.0016481487992686603,-0.7017685735382022
(b) Primary eICU external cohort,0.67,0.012337209512941729,-0.0012316832400514552,-0.7533373181908751
(b) Primary eICU external cohort,0.68,0.011235430364614463,-0.0028298714883442967,-0.8081291093843401
(b) Primary eICU external cohort,0.69,0.00969621888436843,-0.003391145903630731,-0.8664558548483512
(b) Primary eICU external cohort,0.7,0.008094241880852757,-0.0035365610679418263,-0.9286710500099629
(b) Primary eICU external cohort,0.71,0.0061550590514664934,-0.0036997341138157863,-0.9951769482861688
(b) Primary eICU external cohort,0.72,0.005219451797455384,-0.004162752967295706,-1.0664332678678168
(b) Primary eICU external cohort,0.73,0.003868632529720397,-0.0034701467755861044,-1.1429678333444024
(b) Primary eICU external cohort,0.74,0.0027242631845142314,-0.0016092693916961685,-1.225389673088418
(b) Primary eICU external cohort,0.75,0.003511655708308428,-0.0020173341303048415,-1.314405260011955
(b) Primary eICU external cohort,0.76,0.0030509065550906552,-0.002029786810121539,-1.4108388125124531
(b) Primary eICU external cohort,0.77,0.0021570207125964805,-0.0012344395644377456,-1.5156578913173424
(b) Primary eICU external cohort,0.78,0.001813563006031625,-0.0014875292071944795,-1.6300059772863127
(b) Primary eICU external cohort,0.79,0.0009855406597785552,-0.0013128682435317226,-1.7552443571570897
(b) Primary eICU external cohort,0.8,0.0004482964734010759,-0.0010460251046025106,-1.893006575014944
(b) Primary eICU external cohort,0.81,0.00023987793752162792,-0.000243810362726901,-2.045270078963099
(b) Primary eICU external cohort,0.82,0.00029056252905625276,7.471607890017931e-05,-2.2144517500166048
(b) Primary eICU external cohort,0.83,8.350620582961204e-05,0.0,-2.4035371470764053
(b) Primary eICU external cohort,0.84,-9.339509862522438e-05,0.0,-2.6162582187686816
(b) Primary eICU external cohort,0.85,-0.0003486750348675034,0.0,-2.8573421000199244
(b) Primary eICU external cohort,0.86,7.471607890017931e-05,0.0,-3.132866535735633
(b) Primary eICU external cohort,0.87,7.471607890017931e-05,0.0,-3.450779346176836
(b) Primary eICU external cohort,0.88,7.471607890017931e-05,0.0,-3.8216776250249063
(b) Primary eICU external cohort,0.89,0.0,0.0,-4.260011954572626
(b) Primary eICU external cohort,0.9,0.0,0.0,-4.786013150029889
(b) Primary eICU external cohort,0.91,0.0,0.0,-5.42890350003321
(b) Primary eICU external cohort,0.92,0.0,0.0,-6.232516437537363
(b) Primary eICU external cohort,0.93,0.0,0.0,-7.265733071471273
(b) Primary eICU external cohort,0.94,0.0,0.0,-8.64335525004982
(b) Primary eICU external cohort,0.95,0.0,0.0,-10.57202630005979
(b) Primary eICU external cohort,0.96,0.0,0.0,-13.465032875074744
(b) Primary eICU external cohort,0.97,0.0,0.0,-18.28671050009961
(b) Primary eICU external cohort,0.98,0.0,0.0,-27.93006575014941
(b) Primary eICU external cohort,0.99,0.0,0.0,-56.86013150029883
