Characteristic,MIMIC_met,MIMIC_notmet,MIMIC_SMD,eICU_met,eICU_notmet,eICU_SMD
"BUN, min (mg/dL)",17.0 (12.0–26.0),21.0 (13.0–36.0),0.282,23.0 (14.0–37.0),29.0 (18.0–47.0),0.294
"BUN, max (mg/dL)",20.0 (14.0–32.0),26.0 (17.0–43.0),0.295,24.0 (15.0–39.0),32.0 (19.0–51.0),0.311
"Creatinine, min (mg/dL)",0.9 (0.7–1.3),1.0 (0.7–1.6),0.168,1.1 (0.8–1.8),1.4 (0.8–2.4),0.188
"Creatinine, max (mg/dL)",1.0 (0.8–1.5),1.3 (0.9–2.1),0.194,1.2 (0.8–1.9),1.5 (0.9–2.7),0.206
"WBC, min (10³/µL)",9.5 (6.8–12.8),10.1 (7.0–14.0),0.145,12.3 (8.4–17.5),13.0 (8.4–19.0),0.103
"WBC, max (10³/µL)",13.5 (9.9–18.1),14.6 (10.3–19.9),0.146,13.0 (8.9–18.7),14.2 (9.3–21.0),0.157
"Hemoglobin, min (g/dL)",9.7 (8.4–11.1),9.7 (8.2–11.4),0.032,10.2 (8.9–11.7),10.0 (8.5–11.5),0.090
"Hemoglobin, max (g/dL)",11.3 (9.9–12.6),11.3 (9.8–13.0),0.061,10.5 (9.2–11.9),10.4 (9.1–11.9),0.015
"Platelets, min (10³/µL)",152.0 (110.0–212.0),160.0 (106.0–227.0),0.053,177.0 (126.0–241.0),171.0 (110.0–243.0),0.056
"Platelets, max (10³/µL)",191.0 (142.0–258.0),205.0 (144.0–282.0),0.110,183.0 (130.0–249.0),181.0 (119.5–256.0),0.010
"Sodium, min (mEq/L)",137.0 (134.0–139.0),137.0 (134.0–140.0),0.008,138.0 (135.0–141.0),138.0 (134.0–141.0),0.053
"Sodium, max (mEq/L)",140.0 (137.0–142.0),140.0 (137.0–143.0),0.130,139.0 (136.0–142.0),139.0 (136.0–143.0),0.058
"Potassium, min (mEq/L)",3.9 (3.6–4.3),3.9 (3.5–4.3),0.043,3.8 (3.5–4.2),3.8 (3.4–4.3),0.020
"Potassium, max (mEq/L)",4.4 (4.1–4.9),4.5 (4.1–5.1),0.167,4.1 (3.7–4.5),4.2 (3.8–4.7),0.193
"Chloride, min (mEq/L)",103.0 (100.0–106.0),102.0 (98.0–106.0),0.156,105.0 (101.0–109.0),105.0 (100.0–109.0),0.112
"Chloride, max (mEq/L)",107.0 (104.0–111.0),106.0 (102.0–110.0),0.111,107.0 (102.0–111.0),106.0 (101.0–111.0),0.023
"Bicarbonate, min (mEq/L)",22.0 (19.0–24.0),21.0 (17.0–24.0),0.266,22.0 (19.0–25.0),21.0 (17.0–24.0),0.229
"Bicarbonate, max (mEq/L)",24.0 (22.0–26.0),24.0 (21.0–26.0),0.120,23.0 (20.0–26.0),22.0 (19.0–26.0),0.126
"Calcium, min (mg/dL)",8.0 (7.6–8.5),7.9 (7.4–8.5),0.147,7.9 (7.4–8.4),7.7 (7.1–8.3),0.226
"Calcium, max (mg/dL)",8.4 (8.0–8.9),8.5 (8.0–9.0),0.091,8.0 (7.6–8.5),8.0 (7.4–8.5),0.112
"Glucose, min (mg/dL)",111.0 (95.0–130.0),114.0 (94.0–138.0),0.105,107.0 (89.0–132.0),106.0 (86.0–133.0),0.044
"Glucose, max (mg/dL)",135.0 (113.0–173.0),155.0 (124.0–209.0),0.217,147.0 (115.0–203.0),158.0 (122.0–219.0),0.118
