hospitalid,n,events,event_rate,auc,se
250,29,7,0.2413793103448276,0.38961038961038963,0.11894731897610906
245,40,20,0.5,0.52,0.09233195107431223
249,30,17,0.5666666666666667,0.5248868778280542,0.10772461710952703
357,49,31,0.6326530612244898,0.5376344086021505,0.08555184374927102
224,25,16,0.64,0.5416666666666667,0.12123420906548385
95,44,22,0.5,0.5578512396694215,0.08730953811271507
301,35,18,0.5142857142857142,0.5620915032679739,0.09798020055205374
110,110,50,0.45454545454545453,0.5686666666666667,0.05511644711483269
407,68,17,0.25,0.57439446366782,0.08229468034328541
398,45,17,0.37777777777777777,0.5756302521008403,0.08956398032172663
402,51,26,0.5098039215686274,0.5769230769230769,0.08039688532323472
408,29,8,0.27586206896551724,0.5833333333333334,0.12282390910418116
436,39,17,0.4358974358974359,0.5855614973262032,0.09339805481615233
215,50,16,0.32,0.5992647058823529,0.08828672007163368
279,84,40,0.47619047619047616,0.6,0.062086293110539245
331,117,60,0.5128205128205128,0.6035087719298246,0.052121530875543214
452,53,24,0.4528301886792453,0.6048850574712644,0.0787659674106744
404,55,25,0.45454545454545453,0.6079999999999999,0.07713671293647564
92,60,31,0.5166666666666667,0.610678531701891,0.07276834403001893
259,57,29,0.5087719298245614,0.624384236453202,0.07412563794883346
424,29,13,0.4482758620689655,0.6346153846153846,0.10576769876772475
108,35,22,0.6285714285714286,0.6363636363636365,0.09547749953578491
141,77,41,0.5324675324675324,0.6395663956639567,0.06279821313413156
272,109,40,0.3669724770642202,0.6528985507246376,0.055791528830683834
421,41,17,0.4146341463414634,0.6544117647058824,0.08874158119734946
310,86,45,0.5232558139534884,0.6628726287262873,0.05827659575159457
360,44,26,0.5909090909090909,0.6645299145299146,0.08185788855828333
403,75,32,0.4266666666666667,0.6664244186046512,0.06424858573740225
440,46,21,0.45652173913043476,0.6666666666666666,0.08125992002933921
353,106,47,0.44339622641509435,0.6707536963577353,0.05330570677672544
365,183,87,0.47540983606557374,0.6710967432950191,0.039964978226899255
387,51,20,0.39215686274509803,0.6806451612903226,0.07888328316786962
59,31,22,0.7096774193548387,0.6868686868686869,0.10032158421798898
358,56,32,0.5714285714285714,0.69140625,0.07014827987251687
444,47,26,0.5531914893617021,0.695970695970696,0.07633486924084246
280,127,46,0.36220472440944884,0.703166935050993,0.049831818483223045
269,112,57,0.5089285714285714,0.7145135566188198,0.04835860310390276
397,42,14,0.3333333333333333,0.7168367346938775,0.08854823189656102
445,30,16,0.5333333333333333,0.71875,0.093701453171243
204,27,11,0.4074074074074074,0.7215909090909091,0.10394151978973812
244,111,49,0.44144144144144143,0.7271231073074391,0.0491389442192644
146,49,28,0.5714285714285714,0.7278911564625851,0.07155602751833123
197,73,32,0.4383561643835616,0.7286585365853658,0.06073402777928088
389,52,26,0.5,0.7292899408284023,0.07019007167447525
338,324,152,0.4691358024691358,0.7293834149326806,0.028193169150761078
79,158,82,0.5189873417721519,0.730584082156611,0.039680701247726595
386,75,26,0.3466666666666667,0.7307692307692307,0.0640561834309461
220,41,26,0.6341463414634146,0.7307692307692308,0.07849674366041598
171,115,60,0.5217391304347826,0.7327272727272727,0.046399863678626106
281,212,104,0.49056603773584906,0.733173076923077,0.034404075308362286
195,28,12,0.42857142857142855,0.734375,0.09906750249737689
144,33,15,0.45454545454545453,0.737037037037037,0.0893762341757375
283,216,92,0.42592592592592593,0.7379908835904629,0.034963183278480886
399,40,14,0.35,0.7390109890109889,0.08709157604985267
439,26,13,0.5,0.7396449704142012,0.09888218715724631
391,136,49,0.3602941176470588,0.741027445460943,0.046230704688920474
364,37,19,0.5135135135135135,0.7485380116959064,0.08090988461873024
434,46,18,0.391304347826087,0.75,0.07708275877704608
252,297,99,0.3333333333333333,0.7500255076012652,0.03169490728675357
180,31,10,0.3225806451612903,0.7523809523809524,0.100448375629836
264,227,86,0.3788546255506608,0.7527626587497938,0.034594438925234075
243,186,66,0.3548387096774194,0.7531565656565656,0.039058605725911286
199,255,83,0.3254901960784314,0.7535023816195012,0.03435111398065784
300,281,131,0.46619217081850534,0.7546055979643767,0.029235141099391578
69,40,24,0.6,0.7552083333333334,0.075934729314788
282,65,29,0.4461538461538462,0.7557471264367815,0.06174508421240683
277,191,71,0.3717277486910995,0.7586854460093897,0.03764354033485975
388,129,37,0.2868217054263566,0.7614571092831962,0.05022411701182405
392,88,23,0.26136363636363635,0.7618729096989966,0.06319231093659644
416,128,36,0.28125,0.7623792270531401,0.050748676293440875
382,62,22,0.3548387096774194,0.7625,0.06713649460013017
165,141,52,0.36879432624113473,0.7644770959377702,0.043594236886224824
429,32,13,0.40625,0.7651821862348178,0.0897969990219917
271,88,42,0.4772727272727273,0.7681159420289855,0.051048596668352576
112,26,16,0.6153846153846154,0.76875,0.09266865085589286
63,42,16,0.38095238095238093,0.7692307692307693,0.07915241757327621
390,131,43,0.3282442748091603,0.7743128964059196,0.04644046320835076
384,121,60,0.49586776859504134,0.7756830601092897,0.042514687272642314
154,126,49,0.3888888888888889,0.7757752451630003,0.044521188311433375
226,71,31,0.43661971830985913,0.7782258064516129,0.057208001717906236
411,132,61,0.4621212121212121,0.7790348649272686,0.04110539117622666
400,231,82,0.354978354978355,0.7804059584220003,0.03359335364927396
73,400,162,0.405,0.7804751530241727,0.024390369641917795
443,127,46,0.36220472440944884,0.7815351583467525,0.0449856323972093
417,145,64,0.4413793103448276,0.7816358024691358,0.039500096208352334
66,94,47,0.5,0.7822544137618831,0.04762524927021478
394,189,89,0.4708994708994709,0.7823595505617977,0.0339329133741802
248,157,68,0.43312101910828027,0.7823859881031064,0.038101244090079804
449,119,53,0.44537815126050423,0.7824471126357919,0.04346641936396059
210,37,21,0.5675675675675675,0.7827380952380952,0.07514117798323876
217,101,27,0.26732673267326734,0.7832832832832832,0.05659152856148994
143,39,23,0.5897435897435898,0.7853260869565217,0.07254059811117491
200,58,29,0.5,0.7859690844233056,0.06043331476041697
142,116,51,0.4396551724137931,0.7867269984917044,0.0438384802187516
345,216,97,0.44907407407407407,0.7876635190158537,0.03180314442352067
181,82,36,0.43902439024390244,0.7880434782608695,0.05214097474682973
188,221,104,0.47058823529411764,0.7897764628533859,0.030922721437106976
435,84,39,0.4642857142857143,0.7908831908831909,0.050445200176839365
71,31,20,0.6451612903225806,0.7909090909090909,0.08087755407062548
176,205,86,0.4195121951219512,0.7972444791870236,0.032693900204547585
396,82,22,0.2682926829268293,0.7984848484848485,0.061190970019564625
140,58,32,0.5517241379310345,0.7992788461538461,0.05773684012054912
275,54,23,0.42592592592592593,0.7994389901823282,0.06362796965152337
336,103,44,0.42718446601941745,0.7996918335901386,0.04576845179524914
157,201,71,0.35323383084577115,0.8,0.034834386069960706
67,27,12,0.4444444444444444,0.8,0.08971835216971709
167,242,92,0.38016528925619836,0.8010869565217391,0.030840165324483103
307,159,67,0.42138364779874216,0.8046722907203114,0.03653939922980412
318,82,35,0.4268292682926829,0.8048632218844984,0.05083339121406429
184,75,26,0.3466666666666667,0.805337519623234,0.0570888913399194
253,46,18,0.391304347826087,0.8055555555555555,0.07010444664457988
312,41,19,0.4634146341463415,0.8086124401913876,0.07012056403151012
122,265,95,0.3584905660377358,0.8095975232198142,0.029575838029446636
202,69,26,0.37681159420289856,0.8130590339892666,0.05684953558136012
227,83,48,0.5783132530120482,0.8214285714285714,0.04525324828401206
458,126,43,0.3412698412698413,0.8217988231997759,0.042655231625639535
208,191,85,0.44502617801047123,0.8281908990011099,0.031007794368505603
206,76,18,0.23684210526315788,0.828544061302682,0.06315892272850815
175,48,23,0.4791666666666667,0.831304347826087,0.06062577438006368
155,56,17,0.30357142857142855,0.8340874811463047,0.06550584205888019
148,158,52,0.3291139240506329,0.8347242380261248,0.03743965990951482
268,78,29,0.3717948717948718,0.836734693877551,0.05075545999914157
381,40,18,0.45,0.8383838383838385,0.06654559377198765
419,33,19,0.5757575757575758,0.8458646616541353,0.06773686270054297
459,37,17,0.4594594594594595,0.8529411764705882,0.06597162645544775
420,244,87,0.35655737704918034,0.8650706493886815,0.026725411966716704
183,99,43,0.43434343434343436,0.8654485049833887,0.03902781768739968
405,52,24,0.46153846153846156,0.875,0.05127850381693779
337,31,11,0.3548387096774194,0.9318181818181818,0.055854838746770226
