subgroup,n,events,auc,ci,slope,fpr,fnr
Overall,13384,5640,0.745,0.736-0.753,0.907,0.152,0.59
MV: Yes,3525,480,0.686,0.661-0.709,0.71,0.01,0.935
MV: No,9859,5160,0.663,0.653-0.673,0.73,0.245,0.558
Age <65,5588,2385,0.761,0.749-0.774,0.927,0.157,0.556
Age 65-79,4597,1869,0.735,0.720-0.749,0.877,0.155,0.608
Age >=80,3199,1386,0.727,0.710-0.744,0.907,0.14,0.625
Male,6797,2789,0.745,0.733-0.757,0.907,0.153,0.584
Female,6587,2851,0.745,0.733-0.756,0.907,0.151,0.597
White,10499,4417,0.741,0.731-0.750,0.896,0.158,0.586
Black,1257,507,0.752,0.725-0.776,0.933,0.145,0.609
Hispanic,515,239,0.787,0.745-0.824,1.035,0.145,0.531
Asian,259,119,0.741,0.679-0.802,0.872,0.136,0.538
CCI 0-1,5048,2514,0.72,0.707-0.733,0.815,0.21,0.531
CCI 2,3972,1584,0.755,0.740-0.770,0.968,0.131,0.607
CCI >=3,3924,1329,0.743,0.728-0.759,0.895,0.116,0.682
